customer_id,first_name,last_name,email,phone,city,state,created_at
58748e6f-c99e-4a2a-8f53-00f8a17ed561,Amber,White,lcalderon@example.com,+1-622-745-1451x610,Emilystad,OR,2025-10-22 00:58:35
2b875069-b43b-435c-8632-e3a37a5e253f,Carlos,Mitchell,stephenosborne@example.org,636-768-5764,Wongstad,KY,2025-06-08 22:35:15
6c624126-cc87-4c08-9fe9-0aec688bd4e7,Gregory,Ewing,jgonzalez@example.net,726-226-6441x76733,North Kelsey,KY,2025-02-16 19:12:47
33fe72f1-fa7d-40af-b2f8-a4ff3faf351d,Tamara,King,jamesmurphy@example.net,650-552-0762x774,South Felicia,SC,2025-12-09 15:26:55
3cf74d3a-2893-41a1-b0c9-5f4123ca705d,Jacqueline,Floyd,mreyes@example.net,+1-966-765-5151,Kristenfurt,MA,2025-11-03 11:46:11
31b37ab7-cd6e-4f1d-888a-8285a1a19d71,Tamara,Hart,whiteedward@example.com,837.335.5310,New Shannonport,PR,2025-07-07 17:19:32
9f8e4553-c838-4cfe-9f73-ce32d9dba1e5,Lisa,Watson,hillkaren@example.org,+1-748-747-9492x008,Medinahaven,AL,2025-05-29 04:33:44
a4e71d72-eb78-4d2f-af05-e15e456b0602,Lisa,Ortiz,burnsjacqueline@example.net,324.715.1909x5573,Lake Lindseymouth,IA,2025-06-25 15:07:43
bfde1c06-c0f1-4e2b-8080-3b4ef8030f33,David,Pacheco,jonathanshort@example.net,+1-233-205-7734x527,Lake Laurentown,IL,2024-07-05 00:05:57
6c7db293-5ecb-40b2-9f1b-68b6db8101c2,Amy,Myers,amartin@example.com,790-857-6908,South Carolinechester,GU,2024-12-02 20:39:09
ef1aa57c-5fc0-42f2-aafa-5fb465adabef,Jennifer,Williams,laura05@example.com,001-946-665-5808x07143,Frenchview,DE,2024-06-26 13:26:22
b806713e-37ee-42ee-906d-d2723c89563a,Jessica,Lambert,taylor18@example.org,(747)850-3564x3333,Ericachester,CT,2024-05-04 04:00:29
5024e0f4-3ab8-41d5-8eda-304871e40fcc,Frank,Davis,shortcaitlyn@example.org,377-448-6878,Jonesville,ME,2025-10-09 23:25:45
ae48823c-8922-45d7-850d-8d9189c9581b,Deborah,Hanson,samantha27@example.net,+1-651-456-2654x0354,North Lindseyfort,SC,2026-01-05 11:50:53
ff315781-9e74-477b-b33d-3c6a928596ac,Ronald,Fletcher,john80@example.net,(811)368-7533,Ericberg,WV,2025-10-30 08:46:18
50c37fea-54c0-47ce-876d-cf1a32258977,Jodi,Ball,kari85@example.net,651.649.3432,South Barryburgh,KY,2026-01-23 15:08:07
5dac3d55-2e01-43f0-9482-bc0f8a3c7584,Amy,Robertson,jill43@example.net,(983)510-1546,West Julie,NC,2024-12-02 04:20:15
7b22349d-20c6-4230-bec0-bfde029a6bc7,Karen,Murray,stephaniemcdaniel@example.org,(352)674-5199x1339,Lake Anthonyborough,ME,2025-07-16 07:44:30
f7b00b4d-1ccb-473d-adb4-523a1a1d19fa,Jared,Edwards,olopez@example.com,299-968-0254,Edwardsburgh,CT,2025-04-20 22:04:53
8f66b669-2055-4de0-8eda-f15e8d034d93,Brandon,Jones,lisa79@example.org,983.569.3390x21526,South James,NY,2025-04-25 02:56:04
972f4b1d-eba9-428f-b9b2-526ec9a7c13d,Raymond,King,pturner@example.com,399.505.1725x5315,Lawrencetown,IA,2025-11-29 07:46:58
2ae229c5-2254-4335-89e6-fbb9aca0c425,John,Campbell,paul52@example.org,(373)944-7150,Port Crystal,AS,2025-09-05 03:37:07
385038a2-9f5b-4259-9fa6-9c5b02a83cba,Kyle,Miller,vanessascott@example.org,221.480.6360,Allenview,CT,2025-05-10 10:34:12
97affe87-08cd-413f-941b-585497623878,Emily,Garcia,lisamurphy@example.net,901.489.7719x683,Dunlapmouth,AS,2025-12-29 07:59:03
bcd747a4-4548-4750-8152-6d84c50d666b,Nathan,Johnson,savageryan@example.org,(730)326-6466x6410,Robertchester,MD,2025-09-03 14:47:25
213fdb8d-6d5f-4622-85ad-51f78978c143,Laura,Bowman,dominiccoleman@example.org,953.732.9114x169,New Melissaberg,GU,2024-02-15 03:27:12
b7f7f898-2c3d-4c2f-9a24-fc97e9aef379,Brian,Moore,vfreeman@example.com,001-353-914-3774x593,Brittanymouth,HI,2025-12-25 02:36:55
b0952327-3a6a-400a-8743-590ebc284b97,Brandon,Olson,michellebrown@example.com,001-985-243-1289x4573,South Jessefurt,CA,2024-08-09 05:55:18
c6f84d78-dfda-4429-8980-526b8af1ec05,Kara,Curtis,madeline19@example.com,(717)899-8225x1262,New Heather,ND,2024-02-09 06:26:46
bf4d1c4d-7584-4d6c-9fcf-4cfa5d865f82,Zoe,Smith,tammy74@example.com,001-692-370-1610,Gallagherville,AS,2025-10-30 05:10:06
6d5bb897-82fa-4992-9cdc-ac1d23fc6f75,Riley,Torres,william80@example.com,+1-375-951-6141,Vegaberg,TX,2026-01-10 00:17:43
fb6c7447-4db1-4c12-91d1-c0d3dc31a4d7,Terry,Hall,valenciamichael@example.org,908-665-3841x772,West Barryfurt,VA,2024-12-04 22:54:08
767fcd5a-c4e6-407b-aa39-ddf571969e51,Nicholas,Becker,burnssteve@example.com,+1-920-744-1230x105,East Heather,MO,2025-03-07 10:51:09
07b19091-a0c8-4fe8-ae81-9145271d28af,Matthew,Joseph,samanthafletcher@example.org,001-328-815-0807x376,Williefurt,VA,2024-07-23 14:29:26
be7d9a4d-c2b8-4f97-a58c-8e84e7a757c3,Levi,Craig,shane12@example.net,+1-226-804-2459x45005,East Patriciaside,IA,2024-02-06 23:50:41
dbec9f18-f9d6-49f4-a1b9-1c5067c07e34,Troy,Howard,david80@example.org,(651)976-2354x7977,West Robert,FL,2025-07-24 02:33:14
fd9d9023-1d63-44cb-8f84-f31de8b026bf,Roy,Bradley,angel02@example.net,+1-862-707-9631x85026,West Kendratown,WY,2024-02-11 16:19:02
1e8ece07-ea7e-481c-959a-fc5c31a2e68e,Dustin,Holmes,pamela87@example.com,265-748-7363x0165,Elizabethtown,RI,2025-07-11 12:51:06
1b364d41-ecd6-4a75-9b1b-f660cc5f25fa,Joanne,Hughes,mhays@example.org,+1-847-260-8084x980,Lake Jason,WY,2025-12-16 05:50:48
94101b1a-2478-488c-a0ce-4a6e9e226501,Jean,Hill,jessica04@example.com,318-816-3610,North Geraldfurt,ND,2025-01-30 23:51:41
ee587b12-4fb7-4266-a5db-76cd88a574e3,Alicia,Miller,usteele@example.org,001-502-777-6822x13872,Justinhaven,HI,2025-11-06 17:36:18
9bb00b57-4db8-46b3-adda-63591923acd2,Lauren,Perez,mrogers@example.org,001-476-497-2136x3878,West Dennisport,CA,2024-09-05 01:48:36
1a808fcb-ec30-457d-9fad-290c7afcea0c,Shawn,Ross,hallison@example.com,001-253-319-1854x03884,South Kenneth,MN,2024-03-15 06:08:52
704b231b-e51b-4221-9196-70dbacd16cd2,Diana,Cervantes,jonesjohn@example.net,6453150810,Lake Heather,PW,2025-10-12 10:02:29
9ae8ff9d-92b2-4ba0-817f-cade7559ea97,Christina,Hudson,laurahernandez@example.org,613-762-7471,Martinfort,ID,2025-04-23 12:41:41
30e9ce9c-9beb-4f8b-b24a-2397e692a486,Gregory,Roberts,joshua07@example.org,584.398.4478x88862,Mariachester,CA,2024-06-16 18:30:25
ef82285f-74c7-4c81-8464-c88849233598,Catherine,Fry,frederickcook@example.net,250.207.4443,Amandaberg,TX,2024-06-28 00:57:45
11322d97-5ac5-4859-814a-3dd429b0fb23,Raymond,Smith,janewarren@example.net,001-872-350-5631x1720,Port Desiree,RI,2025-04-18 15:58:41
f63d7cc4-ca8f-47f3-8bc7-925753f3ddcc,Peter,Brown,uolson@example.net,5827339106,Port Sarah,MO,2025-01-29 01:14:22
6002c3f2-3bba-4808-a88d-79642b1150ee,Jeffrey,Hill,michael74@example.org,+1-559-610-9827x7998,Kevinland,FL,2025-01-19 19:59:32
98cd76c4-de09-43a1-b6ce-9b5b564ef459,Christy,Gonzales,laura57@example.org,859-478-4077x02423,Skinnerberg,AR,2025-11-18 22:24:52
d8cea58c-b202-46d9-b278-d78f1672bf68,Karen,Richards,robertkelly@example.com,(254)209-8477,Willieburgh,GU,2024-11-12 08:29:26
0628347b-4caf-43b9-833c-de1bda9fb25e,Kevin,Williams,balllori@example.com,+1-849-928-0550,Cortezbury,NY,2025-02-21 20:33:54
78ed162f-5fd3-461f-8a6c-50b0c67ff6c6,Kelly,Jones,aolson@example.com,477-359-6461x21896,North James,UT,2025-08-07 09:59:29
667eb178-1f30-4fd8-8aac-f89209b52245,Joseph,Brandt,billyterrell@example.org,001-247-820-7343x907,South Nicole,NV,2025-12-16 22:51:08
3041a1f7-8e61-402f-9c21-36e084ccc720,Alicia,Briggs,jillingram@example.org,(786)562-7333x10891,East Meagantown,PW,2024-10-29 16:30:56
f2aacff0-734f-4384-ba6d-d167de2cd684,Dawn,York,erollins@example.org,001-577-284-3932x109,New Davidberg,CO,2024-05-11 02:45:35
bbe98baf-055f-4256-bb02-ac80135c0920,Stephanie,Parrish,cpowell@example.com,473-681-0402,New Nicholas,DE,2025-05-23 21:12:39
60d91120-36d8-4e1b-af3b-743a99b9aee0,Kari,Lopez,bakerjonathan@example.org,+1-657-346-4184x84910,Bryanberg,WY,2024-10-11 03:26:21
9ac002b9-2fb5-45f6-94fc-cfdf1b8b472f,Kimberly,Mora,donaldtran@example.org,(626)395-7013x46872,Lake Jeremyfurt,KS,2025-01-27 06:34:55
c5aaeb97-5941-4bda-80da-46a979c9cfb2,Christopher,Morrison,gonzaleschristopher@example.com,+1-406-253-3399x91814,Jamesshire,NJ,2025-08-08 17:17:51
73a59435-1288-41c3-949a-a3113a6a58ba,Brittany,Becker,mvelasquez@example.com,725-321-3124,Port Meganview,VI,2024-04-18 16:45:17
df8cc9fc-0382-4931-9463-2f9278992832,Jessica,Payne,bwallace@example.com,+1-911-285-8283x53380,Anthonymouth,ND,2026-02-02 09:43:00
7cf042e2-b019-4cbb-86e3-bf1059188705,Ashley,Hall,mitchell19@example.org,(250)997-9892x17881,North John,KS,2025-10-21 23:02:21
8622e857-62bf-48cd-a815-fa21214dce09,Jeffrey,Knapp,ijones@example.com,001-674-353-8678x32144,Jeffreyborough,NY,2025-12-31 08:16:18
6b730cc3-da06-41e5-bc0d-4f5ba0da481d,Michelle,Garcia,ericnavarro@example.net,758-636-1391,New Gregoryborough,FM,2024-06-15 03:24:48
746117e5-943f-4094-bb81-7c87f8a4808f,Melissa,Mitchell,marcbutler@example.com,218-729-6017x50165,Lake Shane,OR,2024-07-22 12:27:05
e32cd8cb-a3a5-4d9a-a53c-3910a2ce490a,Jeffrey,Anderson,albertsmith@example.com,3344906487,East Garyview,NM,2025-09-30 22:35:59
59fab1c2-7b2d-497c-b149-f419ba07426f,Mary,Kennedy,ofischer@example.org,001-774-781-9164x54236,Russostad,NE,2024-09-12 13:44:27
99c42aa1-9648-4bd1-8eb8-49172feabbf7,Yvonne,Jones,joshua40@example.com,+1-437-967-4515x36893,Codyburgh,NH,2025-09-28 13:47:20
310fdd49-11d2-4aa5-9f50-e1a399e51200,Gregory,Mata,kathleenrojas@example.org,+1-590-843-6418x99672,South Cheryl,AL,2025-06-05 06:23:10
83c89055-5a29-4e2e-b912-bfe4878d2dec,David,Hernandez,shannon58@example.org,517-340-8166x8416,West Johnville,ND,2025-09-29 00:36:01
f7ed9e00-78b6-4239-82ca-1c4339c4a6d0,Thomas,Potter,everettthomas@example.com,461-659-2278x63434,New Christinafort,NV,2024-07-04 23:19:24
00d35478-b6e8-46ea-8775-802752d6b14d,Debra,Buchanan,thomas41@example.com,368.597.5568,North Ashley,VI,2025-08-30 01:34:20
a9d2ad16-7440-48cd-849d-2c362019a7a6,Lisa,Meyer,laurenallison@example.net,(798)989-9488x5294,Christinachester,GA,2025-07-31 13:37:24
5742e2e7-705c-4c8e-9b6a-ae5a6237f721,Stephen,Green,weekskrystal@example.com,(218)938-0059x384,Port William,NH,2025-06-28 22:47:06
7eed74b2-ee31-4346-ac26-83eea8aeead3,Valerie,Robinson,jmccarthy@example.net,249-733-5829x1031,Tracyton,LA,2024-02-26 23:30:03
02c1ca79-c8d0-4d91-ac85-3615a40af0fb,Kelsey,Medina,melissamurphy@example.net,2997868173,West Cindy,KS,2025-08-20 07:34:18
fe45199f-b031-43cc-a3c6-cd858a3ba81d,Richard,Atkinson,anthonyking@example.net,(878)900-7034x9253,Lake Richardtown,MI,2025-02-14 03:39:36
567c0ba3-de43-461e-9729-a07ccb37363e,Janice,Watkins,qperry@example.org,+1-712-772-7120x4319,Andersonport,DC,2024-05-17 01:39:02
8c1a2292-935e-476b-b36e-f7c2e8971691,Karen,Reynolds,rebeccaterry@example.com,851-977-9600,New Ericafort,AK,2025-07-01 19:39:40
370a66ab-7f21-4f8f-a42c-61e94a98a1f2,Nicholas,Garcia,fernando63@example.net,001-856-522-5500x61600,Crossfurt,WV,2024-12-25 18:35:39
7f69eee1-7f55-4266-9e75-ed379fae7fdc,Tyler,Johnson,istephens@example.net,675.490.2302x5967,Danaberg,MD,2024-02-16 07:53:44
751cd394-021e-4684-b7c1-c76ceaba880e,Edward,Williams,david05@example.com,+1-959-340-8168x8455,South Justin,IL,2025-07-03 14:27:16
4c2d3e38-8c55-4cf7-a725-2dede43dc07f,John,Olson,malikkoch@example.net,001-517-325-9541x076,Shanemouth,WI,2026-01-19 01:36:16
8ca470c5-0df2-4778-b365-65129908cd1e,Melissa,Arnold,briannaolsen@example.net,(797)482-8984x0721,Cuevasmouth,FL,2025-11-26 22:51:49
a2e1b4dc-78e0-457c-b02a-ad7e8babb63b,Lindsey,Hoffman,rebecca14@example.com,(365)305-5448x613,Barkerton,OR,2024-04-04 14:02:28
26d80128-3cb1-4967-b62a-fe6b594faec0,Kimberly,Ward,sullivanandrea@example.net,654-904-9052x97081,Lauriefurt,OH,2025-09-24 06:26:50
541b7565-05b5-4ddc-adbe-d9d9704c2024,Anthony,Jenkins,lisa80@example.net,824-670-7953,West Christina,CA,2025-09-18 06:03:56
5517009d-8081-4c3d-8162-49232453bd25,Melanie,Johnson,ryanlawrence@example.org,600-902-8910x4197,North Davidburgh,AK,2024-08-29 11:00:24
d901127a-cd80-4da8-98bd-bf845dfa0204,Gary,Moon,edward30@example.org,001-554-866-9309x552,Davidstad,NH,2025-09-30 00:30:01
23c8d004-36fb-4d0b-8711-0d4f54c1e46d,Joel,Taylor,jwillis@example.org,2326944383,West Chad,AS,2024-03-25 00:44:39
6baf675e-0547-4a45-a3bb-65e0c0c724a3,Marvin,Allison,tcox@example.org,235.460.7270x057,Bryantfurt,IL,2024-06-10 08:17:26
89acc58d-a6ab-4fb3-b72b-d09463e1343f,Omar,Woods,stephenmendez@example.com,+1-819-836-1095x657,Toddside,DE,2024-08-10 01:15:52
feca5e4e-3408-4be2-8233-6d455930b551,Amy,Harding,angelaweeks@example.org,(693)292-6907x35216,Merritttown,AS,2024-09-29 10:55:09
d89c1753-ba08-490a-8e06-05ab2cd5617f,Jonathan,Garrison,john84@example.com,632-812-1304,Davisport,AZ,2024-04-12 21:39:36
4447991e-e75f-426e-b835-a5de0f7a5b90,Elizabeth,Manning,timothy16@example.net,(632)499-5898x2137,Port Jennifer,GA,2024-03-05 09:48:08
f0cea552-212b-4b60-b7b6-7608338ed24b,Connor,Johnson,kevinedwards@example.org,(922)796-2064x0408,Hollymouth,SC,2024-09-12 05:55:59
e94a0e0d-fc1c-43bc-9b1f-4863510e7d5a,Annette,Costa,john11@example.org,808.233.3992,South Lauraburgh,PW,2024-05-26 08:14:07
15707d0f-f076-4f1a-b045-0cbe140c454a,Ryan,Fox,ipineda@example.net,518.746.6532,Port Trevor,NV,2025-03-19 03:29:33
e092e665-f955-45df-b139-849d45acfb35,Austin,Wagner,qgutierrez@example.com,(664)224-3374x3537,Ricebury,KY,2024-07-01 00:40:56
10b64d77-8693-49e3-9a22-46a6211a017a,Barbara,Mitchell,alexandergerald@example.org,+1-647-336-9650x28160,Derricktown,VI,2025-07-05 17:49:35
17c85c87-2a11-4982-9853-b5cd371a0865,Kevin,White,shannonware@example.net,+1-897-953-5259,New Robert,AR,2025-08-18 00:09:22
26e51e06-67fc-41d5-bf6c-5ffb61bd550f,Alison,Henderson,david77@example.com,001-374-395-1306x43165,West Michaelhaven,CO,2024-02-18 09:42:57
cbd85615-83c3-4817-9cab-7a48d0b8cfde,Christine,Jones,grace41@example.com,580.752.1440,Christopherside,TN,2024-10-24 13:00:01
c452a192-de23-4a87-ac1b-f81d15116554,Michelle,Petersen,adamsjeffrey@example.net,(439)913-2520,Juliebury,AZ,2025-12-06 21:51:01
580fa68d-893b-4d3c-b0ea-c28d8bc364dc,Shelia,Esparza,martinezlauren@example.net,001-720-375-2395x554,South Linda,WV,2025-08-28 04:28:08
a5784765-6c31-4635-902a-230ebe5d6d6d,Mark,Davis,tinawallace@example.org,877.771.7417x404,South Tiffanyhaven,NM,2025-09-23 19:33:31
42c1a7a7-372b-491a-b837-641f638559c3,Sarah,Andrews,nlucas@example.com,001-281-611-6565x37861,Josephton,SD,2025-12-24 19:46:58
1eb8916f-e09a-4434-9297-fae0e6db9c93,Darren,Day,anthony40@example.net,001-393-907-0911x4994,Juliaberg,DC,2025-08-08 11:33:46
c214d83a-7c94-4086-842a-dc2f49c65fb6,Judy,Medina,michaelwebb@example.com,+1-515-239-5298x0153,Lake Wendy,NC,2024-05-06 22:39:14
0a162ab0-f519-409a-9bc2-66b3350f16b9,Jacqueline,Scott,emilybarrett@example.com,6787791774,Nicholaschester,KY,2025-01-04 16:41:33
bc4e54c6-abc6-4a69-8190-1ce7782d5052,Diana,Caldwell,peterharrison@example.com,(207)474-7850,West Monica,IN,2025-04-03 00:55:09
888810b0-561b-471c-98ec-dabdbc78195f,Gloria,Anderson,hartmanlaura@example.org,932.569.8832,Josephberg,NH,2024-10-16 13:50:17
ede88b6b-6125-44c4-b3e7-8f864e98482d,Allen,Estes,spowell@example.net,001-272-492-1731x757,Laurenchester,MI,2024-02-25 19:55:47
29e6ebc4-0b1a-47f9-8f9b-c2555aac1fcf,Monique,Howard,carrie59@example.net,001-898-759-1622x18900,South Anthonyfurt,MN,2025-06-14 00:04:26
ec9a1e56-1600-481d-847f-ed355febe6b8,Ralph,Flores,echambers@example.net,426.924.7286x6973,Nathanland,VA,2025-07-16 00:07:14
c19954ae-8999-4650-af6a-0ff8a851a4c9,Cathy,Russo,yangbrian@example.net,724.353.4134x96953,Port Michelleview,PA,2024-11-28 03:44:28
981b470b-97e2-443b-823b-c7f22e9758ae,Benjamin,Green,mcallahan@example.com,632.437.2170x61690,Rogersview,LA,2024-10-24 13:52:21
6b639b9c-2867-4dd1-918f-040de9e22ea7,Robert,Giles,lynnforbes@example.com,942.215.4828x26791,Lake Jonathantown,OR,2025-09-13 10:17:44
b213a275-ecc1-489e-b8d7-ac6025f61a01,Andrew,Nicholson,shelly55@example.com,(991)755-8701x09311,Josebury,TX,2024-04-19 16:10:45
3c4c3e07-8c9e-4e58-a4c9-9c6df1c324e7,Benjamin,Young,bryansandra@example.com,648-993-2444x40457,New Olivia,MN,2025-02-13 07:46:27
b6e01e7d-80a5-4676-9682-7217bca64c3e,Gary,Johnson,leeryan@example.com,675-936-8867x9925,South Denisetown,NJ,2024-09-09 12:52:20
f2e55b90-f48f-4ac7-99b6-f99d8ad5b4fc,Denise,Harris,bartlettvanessa@example.com,+1-737-736-7729x0996,Craigville,WI,2025-05-03 01:56:29
c8c40448-0c04-4657-b3b8-a1d84fce4906,Melanie,Williams,robinmayer@example.net,001-330-394-1118,New Thomas,DE,2025-09-12 00:42:39
2811419b-3017-4e80-8c2c-09fbb44c09c5,Nancy,Miller,ann39@example.org,898-206-4625,Kingtown,GU,2025-02-24 19:07:40
2c592fb8-271f-4731-9ed1-33b60d980c0d,Karen,Bennett,scottwest@example.org,+1-568-752-0005x41350,Jermainemouth,OH,2025-10-18 20:36:32
69b4b290-f645-4467-9083-423dcc3c9eb0,Matthew,Freeman,davidhall@example.org,805.714.1658,Williamport,LA,2024-04-14 09:28:41
ef82b1d8-7536-4953-bb8d-d272429945b5,Stacey,Parker,eharvey@example.org,931.243.8503x44362,Carrietown,KY,2024-10-13 22:09:07
e5c4f906-06d2-4bb1-b596-865845703919,Jose,Adams,tyler18@example.net,505.580.1967,North Lisa,CT,2025-11-15 19:14:36
94d0c39f-f0f3-40cd-8587-7881655a9801,Michael,Brown,laura56@example.org,001-540-978-3433x90640,Weaverton,AR,2025-09-22 08:11:49
5995fc9f-ada0-48db-810c-95d75329d1ec,Joe,Long,charles53@example.net,(729)824-9545x237,Martinezborough,NV,2025-09-11 05:18:42
4c48a1e9-2b64-4759-916f-f3c692bdc1ab,Christine,Anderson,robert57@example.com,401-681-4653x02478,South Davidside,MI,2024-05-19 16:04:46
482648b7-cefe-41d2-a100-62e6ae7f1410,Jay,Bean,allen15@example.net,977-611-2244x584,Kennethhaven,AS,2024-12-23 11:15:48
b6ea5e21-83ee-4dea-b1af-43c36996db12,Melinda,Martinez,patrick67@example.net,935.586.8808,Haileychester,DE,2024-06-22 11:12:33
29d9a07d-020a-4dec-9d25-809511a8adfe,Pamela,Eaton,markbailey@example.net,(814)605-1737x36055,Abbotttown,OK,2025-12-09 09:52:34
3537df7e-1e0c-4ebc-8b03-ca077680265e,Brandon,Lopez,zgray@example.com,374.548.7707,South Arthurland,ND,2025-03-12 08:30:55
b949fb7d-2d2c-49f8-8762-1c46229c8bbe,Michael,Harris,amygeorge@example.com,306-761-6553,Port Steven,IN,2024-07-09 22:53:14
d909ebd0-23c6-4545-b999-e7504e245720,Michelle,Hunter,ryanmurphy@example.org,740-546-2468x247,East Charlesville,IA,2024-04-28 14:08:38
463b3e95-5ca5-4c65-91ce-becd84a562ac,Alicia,Jones,melissa68@example.net,(343)662-5815x8562,Nancyville,GA,2024-04-05 23:30:00
5b1bd3a2-5082-4cf7-9a8f-8365087c6e4a,Pamela,Reed,cochrantheresa@example.net,939-537-1896,Thompsonview,KS,2024-10-02 16:09:54
d374524b-2760-406d-bd6a-92aaf1c198d7,Jennifer,Burton,alec63@example.net,923-452-7798,Tammyport,KS,2024-02-10 16:24:52
b5eae820-9821-46ca-9773-dced8c80ee0c,Monica,Kim,christopherwilliams@example.net,975.253.2059x441,North Chelsea,TX,2025-02-11 05:59:10
326c80d9-33d3-4254-8545-1a2d83dd49f0,Mary,Adams,larryvillegas@example.com,673.640.3598,North Melindaview,KY,2025-09-29 06:58:28
54b28a4a-282c-40ff-9bfe-7f6c1a42e383,Kevin,Brown,elizabeth70@example.net,453-884-2401,Nguyenbury,DC,2024-11-25 17:49:41
be8e9d16-eb22-4a82-b6af-1be7517bb43d,Brandon,Curtis,shall@example.com,938-668-8192,New Julie,GA,2025-05-23 13:21:13
4df7d833-d3f4-4c5e-a846-126f316bdd35,Nicole,Le,bellmegan@example.com,265-751-5987,Hubbardshire,OR,2024-07-02 22:42:59
12627e02-8a3d-4907-804f-731f61d7a761,Cindy,Russell,benjaminvalenzuela@example.org,(648)539-6883x9166,Joseton,ND,2025-03-22 21:11:18
dc8d211a-f49b-4a42-8bba-b2192ec30739,Brandy,Stout,coltoncarroll@example.org,+1-808-450-1896x29065,West Brookeshire,IL,2025-08-06 06:40:24
7aa989a2-941e-401e-8dda-5e2a2fb4890b,Alexis,Thompson,tschaefer@example.org,(545)435-7911,East Natalie,CA,2024-06-05 16:11:39
41b7ada7-1248-4225-a3ff-09b27f36f3ac,John,Aguirre,jason51@example.com,552.994.7533x207,Robertfort,CA,2025-06-17 21:57:36
61d32fac-ecec-4e61-ae12-0c01f8ffff2f,Amanda,Spencer,phenry@example.org,+1-275-359-9256x8294,South Ericamouth,NJ,2025-04-07 04:04:38
232dfa05-38bb-4246-9c6a-1e1b5d292e28,Joshua,Wood,jeremyarroyo@example.com,(932)445-0524x800,Donaldburgh,WI,2025-05-30 09:56:11
d80649d6-9c50-47fe-bcbd-2a20fe445dd3,Kelly,Henderson,emily52@example.com,267.444.2043x08383,South Kathryn,PW,2025-11-07 19:02:37
ecf44ec7-e1df-46af-a23d-9d54d9d38de4,Jasmine,Sanchez,gregory59@example.net,204.864.2058x7164,West Ryan,OK,2025-02-14 17:50:37
8fd61d36-6e6f-4b4d-9f54-8e5a21194fc6,Wendy,Farmer,mcgeeapril@example.com,001-340-770-2453x696,Andersonmouth,CO,2025-09-21 09:27:38
ea975863-cbd7-4a57-9bcc-6dc452d9d617,Ryan,Cobb,gjohnson@example.com,584-865-3435x915,Tonyashire,OH,2025-11-17 07:35:52
c49968e8-8cb3-42bb-8f74-e967cc510411,John,Johnston,lauriematthews@example.net,001-653-973-1015x0173,South Brenda,MD,2024-05-20 19:16:08
16d4db6a-9eef-4e49-a741-b548ec021614,Thomas,Wade,williamleach@example.org,001-408-486-4316,South Sarah,CT,2024-04-29 14:34:56
206ecc96-0f4d-44b0-9eb0-0061e980b9d6,April,Hale,bparker@example.com,001-702-249-7694x104,Jamesville,MA,2024-11-25 13:51:54
f159bb63-bcfa-46e3-bd1e-0b6309f5e698,Peter,Avila,timothy02@example.net,+1-232-972-8940x150,North Deanna,AR,2025-10-15 07:16:42
9b46a10e-fc18-47b4-96c0-6587f1c230cd,Matthew,Roberts,joshuathomas@example.net,394.248.0345x04232,Tonimouth,GA,2024-07-11 02:25:20
804c585b-885a-4ec4-9555-4b04394e0082,Bryce,Todd,katrinacross@example.com,001-906-594-3365,North Cynthia,AS,2024-10-22 11:28:08
ecba099e-d5a1-4c7e-b04c-cfa4147855ac,Allen,Escobar,katherine27@example.com,525.535.9867x288,Sotofurt,NH,2024-12-12 19:04:22
5f72439b-462c-4a1f-a38b-57f316bf6937,Kimberly,Johnston,bturner@example.net,001-364-495-1210x095,New Michael,WV,2025-03-31 06:45:44
c9fd5b7f-a19b-4fa6-95ba-55fada8fff94,Richard,Cook,smithkatherine@example.org,722-504-9266x668,Williamsland,FM,2025-06-19 02:10:51
7fcbcdbe-8c95-4a7a-8622-521319df1089,Candace,Russell,kgray@example.net,893.570.6953x3585,West Deborahtown,TX,2024-02-23 20:55:39
e78c071b-c4c5-4988-b9a4-a493ce8aeed3,Ricardo,Bradley,thomasrodriguez@example.com,912-435-1105,Haynestown,SC,2024-04-14 03:29:35
4a51fc50-7ae1-4ac9-a2bb-c2c098789644,Leroy,Ramirez,loriharmon@example.org,001-947-555-7085x8616,South Ryan,NV,2025-11-03 08:09:48
bf9b99b9-6293-4f99-adc6-731553c40f4a,Cody,Burns,zsanchez@example.com,(680)689-1793x13266,Allisonburgh,GU,2024-07-01 19:31:19
a6dc89ad-0ab9-46e5-814e-b948e78283ea,Connie,Allison,lopezlisa@example.com,9434685365,North Christineburgh,MH,2025-02-14 15:30:23
7f9908b4-f633-4691-8ca6-5ed20fd34ded,Timothy,Campbell,rcharles@example.org,(441)998-1508x2468,Brennanchester,SC,2025-10-06 10:43:44
b6bb43c7-2ec5-4b5e-a96c-8cc8a074b6bd,Tiffany,Bass,melindaprice@example.org,(512)724-3679,New Sarahberg,NH,2024-12-15 02:13:46
18fb69ad-35fb-40b9-8ddf-af6df72efc88,Stacy,Morgan,freemannicole@example.com,+1-788-383-3732x10707,New Dana,FM,2025-07-12 18:17:04
268cb007-345f-46b7-89c8-17094e452127,Sean,Walker,amanda15@example.com,224.627.5779x4152,Lake Joe,TX,2025-06-25 15:18:33
18259d04-ecb8-472b-9236-465f686eae07,Shelby,Perez,butlerhaley@example.net,001-937-892-9028,Lake Alexandershire,FL,2024-11-15 04:46:06
f358c72b-3087-4a4e-be2f-af15e0c77672,Daniel,Carlson,terrence68@example.net,(242)389-0877x24206,West Todd,OR,2026-01-02 10:27:30
3679adb9-935c-4c7f-b604-2708ead53dda,Lisa,Kirk,carolynsullivan@example.net,001-663-324-6700,Lake Kathleentown,GU,2025-11-12 14:35:37
9260e7f0-cee6-4a04-8a7f-72bd76b6021e,Erika,Roberts,marcotyler@example.com,001-821-755-4933x7829,Port Brittanychester,NY,2024-09-26 04:36:36
7b7654d2-d58c-4452-b318-3fed60e11e2e,Pamela,Warren,mary51@example.net,(997)810-0257,New Franciscostad,MP,2024-06-27 14:44:02
0f09d308-013c-4ba0-b889-f80a65cf7620,Lauren,Price,idaniels@example.org,+1-939-668-9832x083,New Tiffany,FM,2025-07-24 02:28:12
ff1451ca-5bac-4459-bf98-54bb2cbd53bb,James,Davis,michaelshaw@example.com,001-521-497-3802x275,Port Michael,RI,2024-07-18 01:45:17
38ef8b90-94db-46c3-b90e-3bb547545b3b,Angela,Welch,wilsonantonio@example.net,787.257.0472,East Davidport,TN,2024-11-28 17:55:23
c0ffaa38-6c50-4f33-9fef-b984e99864a4,Justin,Mitchell,dwilliams@example.org,+1-554-457-2050x101,South Arthur,NJ,2024-04-16 20:29:52
90985268-9558-43f7-9b33-a4ba0b00d1b5,Robert,Marshall,uramirez@example.org,746-862-4220x7273,Lake Anna,AR,2024-07-29 14:31:40
14f6d48f-02ac-4ba4-8702-2ddb03edbfcd,Michael,Kelley,jesse68@example.org,+1-814-743-1824x6676,Wheelerland,AR,2025-10-27 11:15:20
1a14a775-6d44-42d6-8249-2b40e3a815ea,Keith,Thomas,vallen@example.com,+1-272-610-0720x0226,West Alexamouth,KS,2025-07-02 15:27:47
bcd0251c-a05a-4c5d-858c-9414151ef62d,Kayla,Perkins,christopher79@example.net,001-927-524-7443x91666,Lake Douglasfurt,AL,2025-08-20 03:07:35
a23e8d9a-f151-40d0-b2dd-867c150b1851,James,Simon,patrickpeterson@example.net,+1-808-648-5658x282,Cookstad,ND,2024-11-30 14:31:32
de93c243-2941-4de4-bdb3-c4e4f094a6e8,James,Sullivan,yeseniasanders@example.net,479.243.8951x414,Irwinside,MD,2024-07-25 15:18:27
febf45b0-1cbb-4b56-b621-58a07674d168,Sarah,Bowen,hchan@example.com,+1-228-506-6882x7253,Hopkinsbury,KS,2025-04-08 18:47:35
344857f7-6eab-4093-8b78-5606a14fb371,Anthony,Wolf,bjackson@example.com,(791)661-7993x848,Danielsmouth,OH,2024-11-29 01:18:44
468a62fd-022e-4bc9-a993-7e31e3615744,Phyllis,Johnson,steven65@example.org,+1-960-203-0604,South Matthewstad,NC,2025-12-26 10:31:59
f0d50ad4-7750-4e0f-bc7b-79cfbff90813,Peter,Mcdonald,kmatthews@example.net,341.795.9355x810,Brownmouth,ND,2024-10-13 20:26:10
abcf151c-3997-4d1d-967c-2b7a6345ef45,John,Mcneil,fdiaz@example.net,+1-902-716-2087x638,Lake Jenny,KY,2025-06-19 04:01:49
071ec2e0-6dec-4cd2-b851-1cdc49ee47ab,Shelia,Smith,melissariggs@example.org,988-723-8367,South Kenneth,MN,2024-07-02 20:01:25
17af2eda-f99d-4793-bf3d-23d8a948671a,Manuel,Delgado,calebedwards@example.com,611-448-7836x6854,West Rhondastad,ND,2024-05-02 03:11:24
417eb827-5984-4919-b090-62a880eebd71,Cody,Perkins,johnwagner@example.net,(720)545-1087x7267,Robertville,OK,2025-07-11 08:21:53
b28dd493-cb4a-427a-ac9d-2381928a85cb,Katherine,Rodriguez,yquinn@example.org,604-681-7783x7571,Lauraview,NM,2025-08-04 00:57:16
3b066d3d-d98c-43b1-ae0b-7ff0e55afcff,Donna,Lutz,jeffrey76@example.net,001-371-503-7989x8396,New Michelletown,ID,2025-04-30 18:05:48
